"fecha";"std";"Prof";"sitio";"Lectura_std"
"2017-12-21";"672";"p20cm";"S1";0,734
"2017-12-21";"672";"p40cm";"S1";0,866
"2017-12-21";"672";"p60cm";"S1";0,685
"2017-12-21";"672";"p80cm";"S1";0,6
"2017-12-21";"672";"p100cm";"S1";0,554
"2017-12-27";"724";"p20cm";"S1";0,628
"2017-12-27";"724";"p40cm";"S1";0,79
"2017-12-27";"724";"p60cm";"S1";0,583
"2017-12-27";"724";"p80cm";"S1";0,547
"2017-12-27";"724";"p100cm";"S1";0,5
"2018-01-03";"773";"p20cm";"S1";0,479
"2018-01-03";"773";"p40cm";"S1";0,736
"2018-01-03";"773";"p60cm";"S1";0,459
"2018-01-03";"773";"p80cm";"S1";0,411
"2018-01-03";"773";"p100cm";"S1";0,427
"2018-01-10";"734";"p20cm";"S1";0,507
"2018-01-10";"734";"p40cm";"S1";0,734
"2018-01-10";"734";"p60cm";"S1";0,484
"2018-01-10";"734";"p80cm";"S1";0,392
"2018-01-10";"734";"p100cm";"S1";0,405
"2018-01-17";"748";"p20cm";"S1";0,576
"2018-01-17";"748";"p40cm";"S1";0,687
"2018-01-17";"748";"p60cm";"S1";0,488
"2018-01-17";"748";"p80cm";"S1";0,396
"2018-01-17";"748";"p100cm";"S1";0,398
"2018-01-24";"742";"p20cm";"S1";0,469
"2018-01-24";"742";"p40cm";"S1";0,705
"2018-01-24";"742";"p60cm";"S1";0,482
"2018-01-24";"742";"p80cm";"S1";0,384
"2018-01-24";"742";"p100cm";"S1";0,371
"2018-01-31";"729";"p20cm";"S1";0,565
"2018-01-31";"729";"p40cm";"S1";0,715
"2018-01-31";"729";"p60cm";"S1";0,499
"2018-01-31";"729";"p80cm";"S1";0,385
"2018-01-31";"729";"p100cm";"S1";0,37
"2018-02-07";"736";"p20cm";"S1";0,515
"2018-02-07";"736";"p40cm";"S1";0,689
"2018-02-07";"736";"p60cm";"S1";0,49
"2018-02-07";"736";"p80cm";"S1";0,386
"2018-02-07";"736";"p100cm";"S1";0,349
"2018-02-14";"726";"p20cm";"S1";0,64
"2018-02-14";"726";"p40cm";"S1";0,737
"2018-02-14";"726";"p60cm";"S1";0,481
"2018-02-14";"726";"p80cm";"S1";0,393
"2018-02-14";"726";"p100cm";"S1";0,379
"2018-02-21";"753";"p20cm";"S1";0,655
"2018-02-21";"753";"p40cm";"S1";0,71
"2018-02-21";"753";"p60cm";"S1";0,462
"2018-02-21";"753";"p80cm";"S1";0,376
"2018-02-21";"753";"p100cm";"S1";0,343
"2018-02-27";"730";"p20cm";"S1";0,619
"2018-02-27";"730";"p40cm";"S1";0,695
"2018-02-27";"730";"p60cm";"S1";0,488
"2018-02-27";"730";"p80cm";"S1";0,395
"2018-02-27";"730";"p100cm";"S1";0,362
"2018-03-07";"733";"p20cm";"S1";0,614
"2018-03-07";"733";"p40cm";"S1";0,683
"2018-03-07";"733";"p60cm";"S1";0,492
"2018-03-07";"733";"p80cm";"S1";0,381
"2018-03-07";"733";"p100cm";"S1";0,349
"2018-03-14";"735";"p20cm";"S1";0,612
"2018-03-14";"735";"p40cm";"S1";0,727
"2018-03-14";"735";"p60cm";"S1";0,48
"2018-03-14";"735";"p80cm";"S1";0,386
"2018-03-14";"735";"p100cm";"S1";0,355
"2018-03-21";"725";"p20cm";"S1";0,775
"2018-03-21";"725";"p40cm";"S1";0,807
"2018-03-21";"725";"p60cm";"S1";0,49
"2018-03-21";"725";"p80cm";"S1";0,375
"2018-03-21";"725";"p100cm";"S1";0,36
"2018-03-28";"734";"p20cm";"S1";0,713
"2018-03-28";"734";"p40cm";"S1";0,753
"2018-03-28";"734";"p60cm";"S1";0,48
"2018-03-28";"734";"p80cm";"S1";0,368
"2018-03-28";"734";"p100cm";"S1";0,369
"2018-04-04";"749";"p20cm";"S1";0,669
"2018-04-04";"749";"p40cm";"S1";0,734
"2018-04-04";"749";"p60cm";"S1";0,465
"2018-04-04";"749";"p80cm";"S1";0,358
"2018-04-04";"749";"p100cm";"S1";0,34
"2018-04-13";"748";"p20cm";"S1";0,836
"2018-04-13";"748";"p40cm";"S1";0,897
"2018-04-13";"748";"p60cm";"S1";0,67
"2018-04-13";"748";"p80cm";"S1";0,468
"2018-04-13";"748";"p100cm";"S1";0,35
"2018-04-20";"747";"p20cm";"S1";0,841
"2018-04-20";"747";"p40cm";"S1";0,885
"2018-04-20";"747";"p60cm";"S1";0,632
"2018-04-20";"747";"p80cm";"S1";0,49
"2018-04-20";"747";"p100cm";"S1";0,356
"2018-05-02";"744";"p20cm";"S1";0,843
"2018-05-02";"744";"p40cm";"S1";0,891
"2018-05-02";"744";"p60cm";"S1";0,628
"2018-05-02";"744";"p80cm";"S1";0,505
"2018-05-02";"744";"p100cm";"S1";0,383
"2018-05-09";"747";"p20cm";"S1";0,842
"2018-05-09";"747";"p40cm";"S1";0,861
"2018-05-09";"747";"p60cm";"S1";0,648
"2018-05-09";"747";"p80cm";"S1";0,515
"2018-05-09";"747";"p100cm";"S1";0,383
"2017-12-21";"672";"p20cm";"S2";0,661
"2017-12-21";"672";"p40cm";"S2";0,946
"2017-12-21";"672";"p60cm";"S2";0,821
"2017-12-21";"672";"p80cm";"S2";0,68
"2017-12-21";"672";"p100cm";"S2";0,659
"2017-12-27";"724";"p20cm";"S2";0,517
"2017-12-27";"724";"p40cm";"S2";0,816
"2017-12-27";"724";"p60cm";"S2";0,727
"2017-12-27";"724";"p80cm";"S2";0,622
"2017-12-27";"724";"p100cm";"S2";0,635
"2018-01-03";"773";"p20cm";"S2";0,605
"2018-01-03";"773";"p40cm";"S2";0,59
"2018-01-03";"773";"p60cm";"S2";0,595
"2018-01-03";"773";"p80cm";"S2";0,617
"2018-01-03";"773";"p100cm";"S2";0,476
"2018-01-10";"734";"p20cm";"S2";0,643
"2018-01-10";"734";"p40cm";"S2";0,62
"2018-01-10";"734";"p60cm";"S2";0,473
"2018-01-10";"734";"p80cm";"S2";0,459
"2018-01-10";"734";"p100cm";"S2";0,507
"2018-01-17";"748";"p20cm";"S2";0,717
"2018-01-17";"748";"p40cm";"S2";0,652
"2018-01-17";"748";"p60cm";"S2";0,48
"2018-01-17";"748";"p80cm";"S2";0,467
"2018-01-17";"748";"p100cm";"S2";0,492
"2018-01-24";"742";"p20cm";"S2";0,639
"2018-01-24";"742";"p40cm";"S2";0,612
"2018-01-24";"742";"p60cm";"S2";0,442
"2018-01-24";"742";"p80cm";"S2";0,416
"2018-01-24";"742";"p100cm";"S2";0,454
"2018-01-31";"729";"p20cm";"S2";0,657
"2018-01-31";"729";"p40cm";"S2";0,62
"2018-01-31";"729";"p60cm";"S2";0,461
"2018-01-31";"729";"p80cm";"S2";0,414
"2018-01-31";"729";"p100cm";"S2";0,429
"2018-02-07";"736";"p20cm";"S2";0,624
"2018-02-07";"736";"p40cm";"S2";0,564
"2018-02-07";"736";"p60cm";"S2";0,427
"2018-02-07";"736";"p80cm";"S2";0,399
"2018-02-07";"736";"p100cm";"S2";0,42
"2018-02-14";"726";"p20cm";"S2";0,756
"2018-02-14";"726";"p40cm";"S2";0,649
"2018-02-14";"726";"p60cm";"S2";0,472
"2018-02-14";"726";"p80cm";"S2";0,379
"2018-02-14";"726";"p100cm";"S2";0,42
"2018-02-21";"753";"p20cm";"S2";0,657
"2018-02-21";"753";"p40cm";"S2";0,592
"2018-02-21";"753";"p60cm";"S2";0,425
"2018-02-21";"753";"p80cm";"S2";0,402
"2018-02-21";"753";"p100cm";"S2";0,39
"2018-02-27";"730";"p20cm";"S2";0,641
"2018-02-27";"730";"p40cm";"S2";0,589
"2018-02-27";"730";"p60cm";"S2";0,437
"2018-02-27";"730";"p80cm";"S2";0,377
"2018-02-27";"730";"p100cm";"S2";0,386
"2018-03-07";"733";"p20cm";"S2";0,671
"2018-03-07";"733";"p40cm";"S2";0,598
"2018-03-07";"733";"p60cm";"S2";0,442
"2018-03-07";"733";"p80cm";"S2";0,385
"2018-03-07";"733";"p100cm";"S2";0,385
"2018-03-14";"735";"p20cm";"S2";0,683
"2018-03-14";"735";"p40cm";"S2";0,604
"2018-03-14";"735";"p60cm";"S2";0,441
"2018-03-14";"735";"p80cm";"S2";0,393
"2018-03-14";"735";"p100cm";"S2";0,395
"2018-03-21";"725";"p20cm";"S2";0,91
"2018-03-21";"725";"p40cm";"S2";0,738
"2018-03-21";"725";"p60cm";"S2";0,462
"2018-03-21";"725";"p80cm";"S2";0,404
"2018-03-21";"725";"p100cm";"S2";0,419
"2018-03-28";"734";"p20cm";"S2";0,823
"2018-03-28";"734";"p40cm";"S2";0,725
"2018-03-28";"734";"p60cm";"S2";0,456
"2018-03-28";"734";"p80cm";"S2";0,401
"2018-03-28";"734";"p100cm";"S2";0,406
"2018-04-04";"749";"p20cm";"S2";0,801
"2018-04-04";"749";"p40cm";"S2";0,677
"2018-04-04";"749";"p60cm";"S2";0,434
"2018-04-04";"749";"p80cm";"S2";0,394
"2018-04-04";"749";"p100cm";"S2";0,421
"2018-04-13";"748";"p20cm";"S2";0,952
"2018-04-13";"748";"p40cm";"S2";0,858
"2018-04-13";"748";"p60cm";"S2";0,646
"2018-04-13";"748";"p80cm";"S2";0,464
"2018-04-13";"748";"p100cm";"S2";0,418
"2018-04-20";"747";"p20cm";"S2";0,936
"2018-04-20";"747";"p40cm";"S2";0,818
"2018-04-20";"747";"p60cm";"S2";0,59
"2018-04-20";"747";"p80cm";"S2";0,493
"2018-04-20";"747";"p100cm";"S2";0,434
"2018-05-02";"744";"p20cm";"S2";0,956
"2018-05-02";"744";"p40cm";"S2";0,855
"2018-05-02";"744";"p60cm";"S2";0,601
"2018-05-02";"744";"p80cm";"S2";0,492
"2018-05-02";"744";"p100cm";"S2";0,45
"2018-05-09";"747";"p20cm";"S2";0,929
"2018-05-09";"747";"p40cm";"S2";0,833
"2018-05-09";"747";"p60cm";"S2";0,613
"2018-05-09";"747";"p80cm";"S2";0,513
"2018-05-09";"747";"p100cm";"S2";0,454
"2017-12-21";"672";"p20cm";"S3";0,908
"2017-12-21";"672";"p40cm";"S3";0,624
"2017-12-21";"672";"p60cm";"S3";0,612
"2017-12-21";"672";"p80cm";"S3";0,658
"2017-12-21";"672";"p100cm";"S3";0,628
"2017-12-27";"724";"p20cm";"S3";0,761
"2017-12-27";"724";"p40cm";"S3";0,651
"2017-12-27";"724";"p60cm";"S3";0,518
"2017-12-27";"724";"p80cm";"S3";0,583
"2017-12-27";"724";"p100cm";"S3";0,62
"2018-01-03";"773";"p20cm";"S3";0,541
"2018-01-03";"773";"p40cm";"S3";0,55
"2018-01-03";"773";"p60cm";"S3";0,397
"2018-01-03";"773";"p80cm";"S3";0,451
"2018-01-03";"773";"p100cm";"S3";0,545
"2018-01-10";"734";"p20cm";"S3";0,576
"2018-01-10";"734";"p40cm";"S3";0,567
"2018-01-10";"734";"p60cm";"S3";0,388
"2018-01-10";"734";"p80cm";"S3";0,432
"2018-01-10";"734";"p100cm";"S3";0,523
"2018-01-17";"748";"p20cm";"S3";0,689
"2018-01-17";"748";"p40cm";"S3";0,59
"2018-01-17";"748";"p60cm";"S3";0,384
"2018-01-17";"748";"p80cm";"S3";0,416
"2018-01-17";"748";"p100cm";"S3";0,488
"2018-01-24";"742";"p20cm";"S3";0,608
"2018-01-24";"742";"p40cm";"S3";0,569
"2018-01-24";"742";"p60cm";"S3";0,377
"2018-01-24";"742";"p80cm";"S3";0,394
"2018-01-24";"742";"p100cm";"S3";0,446
"2018-01-31";"729";"p20cm";"S3";0,602
"2018-01-31";"729";"p40cm";"S3";0,557
"2018-01-31";"729";"p60cm";"S3";0,374
"2018-01-31";"729";"p80cm";"S3";0,387
"2018-01-31";"729";"p100cm";"S3";0,418
"2018-02-07";"736";"p20cm";"S3";0,563
"2018-02-07";"736";"p40cm";"S3";0,56
"2018-02-07";"736";"p60cm";"S3";0,39
"2018-02-07";"736";"p80cm";"S3";0,39
"2018-02-07";"736";"p100cm";"S3";0,417
"2018-02-14";"726";"p20cm";"S3";0,77
"2018-02-14";"726";"p40cm";"S3";0,613
"2018-02-14";"726";"p60cm";"S3";0,387
"2018-02-14";"726";"p80cm";"S3";0,405
"2018-02-14";"726";"p100cm";"S3";0,417
"2018-02-21";"753";"p20cm";"S3";0,64
"2018-02-21";"753";"p40cm";"S3";0,57
"2018-02-21";"753";"p60cm";"S3";0,38
"2018-02-21";"753";"p80cm";"S3";0,39
"2018-02-21";"753";"p100cm";"S3";0,377
"2018-02-27";"730";"p20cm";"S3";0,634
"2018-02-27";"730";"p40cm";"S3";0,592
"2018-02-27";"730";"p60cm";"S3";0,374
"2018-02-27";"730";"p80cm";"S3";0,367
"2018-02-27";"730";"p100cm";"S3";0,381
"2018-03-07";"733";"p20cm";"S3";0,67
"2018-03-07";"733";"p40cm";"S3";0,572
"2018-03-07";"733";"p60cm";"S3";0,387
"2018-03-07";"733";"p80cm";"S3";0,401
"2018-03-07";"733";"p100cm";"S3";0,396
"2018-03-14";"735";"p20cm";"S3";0,659
"2018-03-14";"735";"p40cm";"S3";0,578
"2018-03-14";"735";"p60cm";"S3";0,37
"2018-03-14";"735";"p80cm";"S3";0,377
"2018-03-14";"735";"p100cm";"S3";0,388
"2018-03-21";"725";"p20cm";"S3";0,812
"2018-03-21";"725";"p40cm";"S3";0,589
"2018-03-21";"725";"p60cm";"S3";0,374
"2018-03-21";"725";"p80cm";"S3";0,408
"2018-03-21";"725";"p100cm";"S3";0,418
"2018-03-28";"734";"p20cm";"S3";0,775
"2018-03-28";"734";"p40cm";"S3";0,557
"2018-03-28";"734";"p60cm";"S3";0,356
"2018-03-28";"734";"p80cm";"S3";0,391
"2018-03-28";"734";"p100cm";"S3";0,432
"2018-04-04";"749";"p20cm";"S3";0,744
"2018-04-04";"749";"p40cm";"S3";0,55
"2018-04-04";"749";"p60cm";"S3";0,366
"2018-04-04";"749";"p80cm";"S3";0,371
"2018-04-04";"749";"p100cm";"S3";0,41
"2018-04-13";"748";"p20cm";"S3";0,898
"2018-04-13";"748";"p40cm";"S3";0,781
"2018-04-13";"748";"p60cm";"S3";0,552
"2018-04-13";"748";"p80cm";"S3";0,43
"2018-04-13";"748";"p100cm";"S3";0,417
"2018-04-20";"747";"p20cm";"S3";0,897
"2018-04-20";"747";"p40cm";"S3";0,778
"2018-04-20";"747";"p60cm";"S3";0,537
"2018-04-20";"747";"p80cm";"S3";0,481
"2018-04-20";"747";"p100cm";"S3";0,426
"2018-05-02";"744";"p20cm";"S3";0,911
"2018-05-02";"744";"p40cm";"S3";0,808
"2018-05-02";"744";"p60cm";"S3";0,54
"2018-05-02";"744";"p80cm";"S3";0,524
"2018-05-02";"744";"p100cm";"S3";0,461
"2018-05-09";"747";"p20cm";"S3";0,901
"2018-05-09";"747";"p40cm";"S3";0,747
"2018-05-09";"747";"p60cm";"S3";0,538
"2018-05-09";"747";"p80cm";"S3";0,526
"2018-05-09";"747";"p100cm";"S3";0,459
"2017-12-21";"672";"p20cm";"S4";0,414
"2017-12-21";"672";"p40cm";"S4";1,124
"2017-12-21";"672";"p60cm";"S4";1,073
"2017-12-21";"672";"p80cm";"S4";0,847
"2017-12-21";"672";"p100cm";"S4";0,762
"2017-12-27";"724";"p20cm";"S4";0,297
"2017-12-27";"724";"p40cm";"S4";1,003
"2017-12-27";"724";"p60cm";"S4";1,012
"2017-12-27";"724";"p80cm";"S4";0,76
"2017-12-27";"724";"p100cm";"S4";0,702
"2018-01-03";"773";"p20cm";"S4";0,342
"2018-01-03";"773";"p40cm";"S4";0,871
"2018-01-03";"773";"p60cm";"S4";0,745
"2018-01-03";"773";"p80cm";"S4";0,574
"2018-01-03";"773";"p100cm";"S4";0,664
"2018-01-10";"734";"p20cm";"S4";0,365
"2018-01-10";"734";"p40cm";"S4";0,936
"2018-01-10";"734";"p60cm";"S4";0,772
"2018-01-10";"734";"p80cm";"S4";0,559
"2018-01-10";"734";"p100cm";"S4";0,621
"2018-01-17";"748";"p20cm";"S4";0,651
"2018-01-17";"748";"p40cm";"S4";1,031
"2018-01-17";"748";"p60cm";"S4";0,798
"2018-01-17";"748";"p80cm";"S4";0,571
"2018-01-17";"748";"p100cm";"S4";0,626
"2018-01-24";"742";"p20cm";"S4";0,512
"2018-01-24";"742";"p40cm";"S4";0,96
"2018-01-24";"742";"p60cm";"S4";0,806
"2018-01-24";"742";"p80cm";"S4";0,54
"2018-01-24";"742";"p100cm";"S4";0,585
"2018-01-31";"729";"p20cm";"S4";0,645
"2018-01-31";"729";"p40cm";"S4";0,957
"2018-01-31";"729";"p60cm";"S4";0,782
"2018-01-31";"729";"p80cm";"S4";0,55
"2018-01-31";"729";"p100cm";"S4";0,535
"2018-02-07";"736";"p20cm";"S4";0,439
"2018-02-07";"736";"p40cm";"S4";0,89
"2018-02-07";"736";"p60cm";"S4";0,751
"2018-02-07";"736";"p80cm";"S4";0,474
"2018-02-07";"736";"p100cm";"S4";0,515
"2018-02-14";"726";"p20cm";"S4";0,711
"2018-02-14";"726";"p40cm";"S4";1,051
"2018-02-14";"726";"p60cm";"S4";0,853
"2018-02-14";"726";"p80cm";"S4";0,596
"2018-02-14";"726";"p100cm";"S4";0,605
"2018-02-21";"753";"p20cm";"S4";0,602
"2018-02-21";"753";"p40cm";"S4";0,991
"2018-02-21";"753";"p60cm";"S4";0,769
"2018-02-21";"753";"p80cm";"S4";0,521
"2018-02-21";"753";"p100cm";"S4";0,562
"2018-02-27";"730";"p20cm";"S4";0,514
"2018-02-27";"730";"p40cm";"S4";0,932
"2018-02-27";"730";"p60cm";"S4";0,782
"2018-02-27";"730";"p80cm";"S4";0,512
"2018-02-27";"730";"p100cm";"S4";0,5
"2018-03-07";"733";"p20cm";"S4";0,551
"2018-03-07";"733";"p40cm";"S4";0,941
"2018-03-07";"733";"p60cm";"S4";0,764
"2018-03-07";"733";"p80cm";"S4";0,498
"2018-03-07";"733";"p100cm";"S4";0,568
"2018-03-14";"735";"p20cm";"S4";0,63
"2018-03-14";"735";"p40cm";"S4";0,922
"2018-03-14";"735";"p60cm";"S4";0,746
"2018-03-14";"735";"p80cm";"S4";0,468
"2018-03-14";"735";"p100cm";"S4";0,537
"2018-03-21";"725";"p20cm";"S4";0,792
"2018-03-21";"725";"p40cm";"S4";1,068
"2018-03-21";"725";"p60cm";"S4";0,785
"2018-03-21";"725";"p80cm";"S4";0,497
"2018-03-21";"725";"p100cm";"S4";0,606
"2018-03-28";"734";"p20cm";"S4";0,748
"2018-03-28";"734";"p40cm";"S4";1,004
"2018-03-28";"734";"p60cm";"S4";0,77
"2018-03-28";"734";"p80cm";"S4";0,503
"2018-03-28";"734";"p100cm";"S4";0,567
"2018-04-04";"749";"p20cm";"S4";0,696
"2018-04-04";"749";"p40cm";"S4";1,016
"2018-04-04";"749";"p60cm";"S4";0,721
"2018-04-04";"749";"p80cm";"S4";0,461
"2018-04-04";"749";"p100cm";"S4";0,615
"2018-04-13";"748";"p20cm";"S4";0,88
"2018-04-13";"748";"p40cm";"S4";1,076
"2018-04-13";"748";"p60cm";"S4";0,976
"2018-04-13";"748";"p80cm";"S4";0,751
"2018-04-13";"748";"p100cm";"S4";0,682
"2018-04-20";"747";"p20cm";"S4";0,859
"2018-04-20";"747";"p40cm";"S4";1,114
"2018-04-20";"747";"p60cm";"S4";0,944
"2018-04-20";"747";"p80cm";"S4";0,696
"2018-04-20";"747";"p100cm";"S4";0,57
"2018-05-02";"744";"p20cm";"S4";0,86
"2018-05-02";"744";"p40cm";"S4";1,113
"2018-05-02";"744";"p60cm";"S4";0,95
"2018-05-02";"744";"p80cm";"S4";0,719
"2018-05-02";"744";"p100cm";"S4";0,673
"2018-05-09";"747";"p20cm";"S4";0,912
"2018-05-09";"747";"p40cm";"S4";1,084
"2018-05-09";"747";"p60cm";"S4";0,937
"2018-05-09";"747";"p80cm";"S4";0,701
"2018-05-09";"747";"p100cm";"S4";0,066
"2017-12-21";"672";"p20cm";"S5";0,466
"2017-12-21";"672";"p40cm";"S5";0,976
"2017-12-21";"672";"p60cm";"S5";1,167
"2017-12-21";"672";"p80cm";"S5";0,958
"2017-12-21";"672";"p100cm";"S5";0,67
"2017-12-27";"724";"p20cm";"S5";0,385
"2017-12-27";"724";"p40cm";"S5";0,809
"2017-12-27";"724";"p60cm";"S5";1,036
"2017-12-27";"724";"p80cm";"S5";0,902
"2017-12-27";"724";"p100cm";"S5";0,655
"2018-01-03";"773";"p20cm";"S5";0,586
"2018-01-03";"773";"p40cm";"S5";0,865
"2018-01-03";"773";"p60cm";"S5";0,735
"2018-01-03";"773";"p80cm";"S5";0,608
"2018-01-03";"773";"p100cm";"S5";0,613
"2018-01-10";"734";"p20cm";"S5";0,625
"2018-01-10";"734";"p40cm";"S5";0,913
"2018-01-10";"734";"p60cm";"S5";0,76
"2018-01-10";"734";"p80cm";"S5";0,545
"2018-01-10";"734";"p100cm";"S5";0,605
"2018-01-17";"748";"p20cm";"S5";0,92
"2018-01-17";"748";"p40cm";"S5";1,021
"2018-01-17";"748";"p60cm";"S5";0,841
"2018-01-17";"748";"p80cm";"S5";0,586
"2018-01-17";"748";"p100cm";"S5";0,56
"2018-01-24";"742";"p20cm";"S5";0,668
"2018-01-24";"742";"p40cm";"S5";0,949
"2018-01-24";"742";"p60cm";"S5";0,778
"2018-01-24";"742";"p80cm";"S5";0,535
"2018-01-24";"742";"p100cm";"S5";0,555
"2018-01-31";"729";"p20cm";"S5";0,734
"2018-01-31";"729";"p40cm";"S5";0,94
"2018-01-31";"729";"p60cm";"S5";0,833
"2018-01-31";"729";"p80cm";"S5";0,508
"2018-01-31";"729";"p100cm";"S5";0,492
"2018-02-07";"736";"p20cm";"S5";0,629
"2018-02-07";"736";"p40cm";"S5";0,918
"2018-02-07";"736";"p60cm";"S5";0,804
"2018-02-07";"736";"p80cm";"S5";0,485
"2018-02-07";"736";"p100cm";"S5";0,435
"2018-02-14";"726";"p20cm";"S5";0,835
"2018-02-14";"726";"p40cm";"S5";0,979
"2018-02-14";"726";"p60cm";"S5";0,817
"2018-02-14";"726";"p80cm";"S5";0,534
"2018-02-14";"726";"p100cm";"S5";0,456
"2018-02-21";"753";"p20cm";"S5";0,709
"2018-02-21";"753";"p40cm";"S5";0,904
"2018-02-21";"753";"p60cm";"S5";0,73
"2018-02-21";"753";"p80cm";"S5";0,47
"2018-02-21";"753";"p100cm";"S5";0,424
"2018-02-27";"730";"p20cm";"S5";0,707
"2018-02-27";"730";"p40cm";"S5";0,953
"2018-02-27";"730";"p60cm";"S5";0,774
"2018-02-27";"730";"p80cm";"S5";0,453
"2018-02-27";"730";"p100cm";"S5";0,437
"2018-03-07";"733";"p20cm";"S5";0,678
"2018-03-07";"733";"p40cm";"S5";0,932
"2018-03-07";"733";"p60cm";"S5";0,791
"2018-03-07";"733";"p80cm";"S5";0,469
"2018-03-07";"733";"p100cm";"S5";0,42
"2018-03-14";"735";"p20cm";"S5";0,661
"2018-03-14";"735";"p40cm";"S5";0,921
"2018-03-14";"735";"p60cm";"S5";0,731
"2018-03-14";"735";"p80cm";"S5";0,453
"2018-03-14";"735";"p100cm";"S5";0,412
"2018-03-21";"725";"p20cm";"S5";0,804
"2018-03-21";"725";"p40cm";"S5";0,981
"2018-03-21";"725";"p60cm";"S5";0,806
"2018-03-21";"725";"p80cm";"S5";0,455
"2018-03-21";"725";"p100cm";"S5";0,446
"2018-03-28";"734";"p20cm";"S5";0,796
"2018-03-28";"734";"p40cm";"S5";0,959
"2018-03-28";"734";"p60cm";"S5";0,752
"2018-03-28";"734";"p80cm";"S5";0,465
"2018-03-28";"734";"p100cm";"S5";0,458
"2018-04-04";"749";"p20cm";"S5";0,766
"2018-04-04";"749";"p40cm";"S5";0,951
"2018-04-04";"749";"p60cm";"S5";0,756
"2018-04-04";"749";"p80cm";"S5";0,462
"2018-04-04";"749";"p100cm";"S5";0,467
"2018-04-13";"748";"p20cm";"S5";0,824
"2018-04-13";"748";"p40cm";"S5";1,023
"2018-04-13";"748";"p60cm";"S5";1,02
"2018-04-13";"748";"p80cm";"S5";0,757
"2018-04-13";"748";"p100cm";"S5";0,592
"2018-04-20";"747";"p20cm";"S5";0,791
"2018-04-20";"747";"p40cm";"S5";0,992
"2018-04-20";"747";"p60cm";"S5";0,987
"2018-04-20";"747";"p80cm";"S5";0,664
"2018-04-20";"747";"p100cm";"S5";0,566
"2018-05-02";"744";"p20cm";"S5";0,823
"2018-05-02";"744";"p40cm";"S5";1,056
"2018-05-02";"744";"p60cm";"S5";1,039
"2018-05-02";"744";"p80cm";"S5";0,722
"2018-05-02";"744";"p100cm";"S5";0,575
"2018-05-09";"747";"p20cm";"S5";0,823
"2018-05-09";"747";"p40cm";"S5";1,04
"2018-05-09";"747";"p60cm";"S5";1,02
"2018-05-09";"747";"p80cm";"S5";0,728
"2018-05-09";"747";"p100cm";"S5";0,546
"2017-12-21";"672";"p20cm";"S6";0,533
"2017-12-21";"672";"p40cm";"S6";0,939
"2017-12-21";"672";"p60cm";"S6";1,137
"2017-12-21";"672";"p80cm";"S6";1,058
"2017-12-21";"672";"p100cm";"S6";0,771
"2017-12-27";"724";"p20cm";"S6";0,446
"2017-12-27";"724";"p40cm";"S6";0,822
"2017-12-27";"724";"p60cm";"S6";1,022
"2017-12-27";"724";"p80cm";"S6";1,029
"2017-12-27";"724";"p100cm";"S6";0,71
"2018-01-03";"773";"p20cm";"S6";0,56
"2018-01-03";"773";"p40cm";"S6";0,82
"2018-01-03";"773";"p60cm";"S6";0,934
"2018-01-03";"773";"p80cm";"S6";0,682
"2018-01-03";"773";"p100cm";"S6";0,589
"2018-01-10";"734";"p20cm";"S6";0,54
"2018-01-10";"734";"p40cm";"S6";0,82
"2018-01-10";"734";"p60cm";"S6";0,922
"2018-01-10";"734";"p80cm";"S6";0,703
"2018-01-10";"734";"p100cm";"S6";0,576
"2018-01-17";"748";"p20cm";"S6";0,774
"2018-01-17";"748";"p40cm";"S6";0,805
"2018-01-17";"748";"p60cm";"S6";0,889
"2018-01-17";"748";"p80cm";"S6";0,652
"2018-01-17";"748";"p100cm";"S6";0,566
"2018-01-24";"742";"p20cm";"S6";0,586
"2018-01-24";"742";"p40cm";"S6";0,934
"2018-01-24";"742";"p60cm";"S6";0,889
"2018-01-24";"742";"p80cm";"S6";0,654
"2018-01-24";"742";"p100cm";"S6";0,544
"2018-01-31";"729";"p20cm";"S6";0,652
"2018-01-31";"729";"p40cm";"S6";0,802
"2018-01-31";"729";"p60cm";"S6";0,855
"2018-01-31";"729";"p80cm";"S6";0,598
"2018-01-31";"729";"p100cm";"S6";0,51
"2018-02-07";"736";"p20cm";"S6";0,617
"2018-02-07";"736";"p40cm";"S6";0,829
"2018-02-07";"736";"p60cm";"S6";0,837
"2018-02-07";"736";"p80cm";"S6";0,587
"2018-02-07";"736";"p100cm";"S6";0,459
"2018-02-14";"726";"p20cm";"S6";0,769
"2018-02-14";"726";"p40cm";"S6";0,828
"2018-02-14";"726";"p60cm";"S6";0,882
"2018-02-14";"726";"p80cm";"S6";0,552
"2018-02-14";"726";"p100cm";"S6";0,435
"2018-02-21";"753";"p20cm";"S6";0,651
"2018-02-21";"753";"p40cm";"S6";0,793
"2018-02-21";"753";"p60cm";"S6";0,813
"2018-02-21";"753";"p80cm";"S6";0,575
"2018-02-21";"753";"p100cm";"S6";0,39
"2018-02-27";"730";"p20cm";"S6";0,642
"2018-02-27";"730";"p40cm";"S6";0,803
"2018-02-27";"730";"p60cm";"S6";0,855
"2018-02-27";"730";"p80cm";"S6";0,541
"2018-02-27";"730";"p100cm";"S6";0,419
"2018-03-07";"733";"p20cm";"S6";0,645
"2018-03-07";"733";"p40cm";"S6";0,808
"2018-03-07";"733";"p60cm";"S6";0,864
"2018-03-07";"733";"p80cm";"S6";0,546
"2018-03-07";"733";"p100cm";"S6";0,402
"2018-03-14";"735";"p20cm";"S6";0,631
"2018-03-14";"735";"p40cm";"S6";0,816
"2018-03-14";"735";"p60cm";"S6";0,867
"2018-03-14";"735";"p80cm";"S6";0,533
"2018-03-14";"735";"p100cm";"S6";0,382
"2018-03-21";"725";"p20cm";"S6";0,732
"2018-03-21";"725";"p40cm";"S6";0,877
"2018-03-21";"725";"p60cm";"S6";0,846
"2018-03-21";"725";"p80cm";"S6";0,545
"2018-03-21";"725";"p100cm";"S6";0,39
"2018-03-28";"734";"p20cm";"S6";0,707
"2018-03-28";"734";"p40cm";"S6";0,851
"2018-03-28";"734";"p60cm";"S6";0,813
"2018-03-28";"734";"p80cm";"S6";0,526
"2018-03-28";"734";"p100cm";"S6";0,39
"2018-04-04";"749";"p20cm";"S6";0,66
"2018-04-04";"749";"p40cm";"S6";0,828
"2018-04-04";"749";"p60cm";"S6";0,8
"2018-04-04";"749";"p80cm";"S6";0,509
"2018-04-04";"749";"p100cm";"S6";0,393
"2018-04-13";"748";"p20cm";"S6";0,825
"2018-04-13";"748";"p40cm";"S6";0,983
"2018-04-13";"748";"p60cm";"S6";0,98
"2018-04-13";"748";"p80cm";"S6";0,674
"2018-04-13";"748";"p100cm";"S6";0,452
"2018-04-20";"747";"p20cm";"S6";0,853
"2018-04-20";"747";"p40cm";"S6";0,959
"2018-04-20";"747";"p60cm";"S6";0,972
"2018-04-20";"747";"p80cm";"S6";0,672
"2018-04-20";"747";"p100cm";"S6";0,443
"2018-05-02";"744";"p20cm";"S6";0,871
"2018-05-02";"744";"p40cm";"S6";1,058
"2018-05-02";"744";"p60cm";"S6";1,012
"2018-05-02";"744";"p80cm";"S6";0,699
"2018-05-02";"744";"p100cm";"S6";0,497
"2018-05-09";"747";"p20cm";"S6";0,87
"2018-05-09";"747";"p40cm";"S6";1,024
"2018-05-09";"747";"p60cm";"S6";0,956
"2018-05-09";"747";"p80cm";"S6";0,681
"2018-05-09";"747";"p100cm";"S6";0,519
"2017-12-21";"672";"p20cm";"S7";0,369
"2017-12-21";"672";"p40cm";"S7";0,82
"2017-12-21";"672";"p60cm";"S7";0,78
"2017-12-21";"672";"p80cm";"S7";0,833
"2017-12-21";"672";"p100cm";"S7";0,671
"2017-12-27";"724";"p20cm";"S7";0,329
"2017-12-27";"724";"p40cm";"S7";0,773
"2017-12-27";"724";"p60cm";"S7";0,731
"2017-12-27";"724";"p80cm";"S7";0,786
"2017-12-27";"724";"p100cm";"S7";0,656
"2018-01-03";"773";"p20cm";"S7";0,596
"2018-01-03";"773";"p40cm";"S7";0,719
"2018-01-03";"773";"p60cm";"S7";0,634
"2018-01-03";"773";"p80cm";"S7";0,592
"2018-01-03";"773";"p100cm";"S7";0,516
"2018-01-10";"734";"p20cm";"S7";0,636
"2018-01-10";"734";"p40cm";"S7";0,756
"2018-01-10";"734";"p60cm";"S7";0,745
"2018-01-10";"734";"p80cm";"S7";0,644
"2018-01-10";"734";"p100cm";"S7";0,597
"2018-01-17";"748";"p20cm";"S7";0,648
"2018-01-17";"748";"p40cm";"S7";0,746
"2018-01-17";"748";"p60cm";"S7";0,746
"2018-01-17";"748";"p80cm";"S7";0,662
"2018-01-17";"748";"p100cm";"S7";0,608
"2018-01-24";"742";"p20cm";"S7";0,518
"2018-01-24";"742";"p40cm";"S7";0,615
"2018-01-24";"742";"p60cm";"S7";0,733
"2018-01-24";"742";"p80cm";"S7";0,636
"2018-01-24";"742";"p100cm";"S7";0,57
"2018-01-31";"729";"p20cm";"S7";0,66
"2018-01-31";"729";"p40cm";"S7";0,679
"2018-01-31";"729";"p60cm";"S7";0,793
"2018-01-31";"729";"p80cm";"S7";0,667
"2018-01-31";"729";"p100cm";"S7";0,65
"2018-02-07";"736";"p20cm";"S7";0,571
"2018-02-07";"736";"p40cm";"S7";0,617
"2018-02-07";"736";"p60cm";"S7";0,694
"2018-02-07";"736";"p80cm";"S7";0,587
"2018-02-07";"736";"p100cm";"S7";0,552
"2018-02-14";"726";"p20cm";"S7";0,689
"2018-02-14";"726";"p40cm";"S7";0,73
"2018-02-14";"726";"p60cm";"S7";0,795
"2018-02-14";"726";"p80cm";"S7";0,599
"2018-02-14";"726";"p100cm";"S7";0,544
"2018-02-21";"753";"p20cm";"S7";0,718
"2018-02-21";"753";"p40cm";"S7";0,659
"2018-02-21";"753";"p60cm";"S7";0,663
"2018-02-21";"753";"p80cm";"S7";0,51
"2018-02-21";"753";"p100cm";"S7";0,489
"2018-02-27";"730";"p20cm";"S7";0,618
"2018-02-27";"730";"p40cm";"S7";0,636
"2018-02-27";"730";"p60cm";"S7";0,633
"2018-02-27";"730";"p80cm";"S7";0,488
"2018-02-27";"730";"p100cm";"S7";0,442
"2018-03-07";"733";"p20cm";"S7";0,591
"2018-03-07";"733";"p40cm";"S7";0,54
"2018-03-07";"733";"p60cm";"S7";0,572
"2018-03-07";"733";"p80cm";"S7";0,438
"2018-03-07";"733";"p100cm";"S7";0,402
"2018-03-14";"735";"p20cm";"S7";0,471
"2018-03-14";"735";"p40cm";"S7";0,505
"2018-03-14";"735";"p60cm";"S7";0,552
"2018-03-14";"735";"p80cm";"S7";0,467
"2018-03-14";"735";"p100cm";"S7";0,397
"2018-03-21";"725";"p20cm";"S7";0,71
"2018-03-21";"725";"p40cm";"S7";0,626
"2018-03-21";"725";"p60cm";"S7";0,57
"2018-03-21";"725";"p80cm";"S7";0,432
"2018-03-21";"725";"p100cm";"S7";0,394
"2018-03-28";"734";"p20cm";"S7";0,586
"2018-03-28";"734";"p40cm";"S7";0,61
"2018-03-28";"734";"p60cm";"S7";0,572
"2018-03-28";"734";"p80cm";"S7";0,421
"2018-03-28";"734";"p100cm";"S7";0,384
"2018-04-04";"749";"p20cm";"S7";0,499
"2018-04-04";"749";"p40cm";"S7";0,53
"2018-04-04";"749";"p60cm";"S7";0,558
"2018-04-04";"749";"p80cm";"S7";0,401
"2018-04-04";"749";"p100cm";"S7";0,367
"2018-04-13";"748";"p20cm";"S7";0,701
"2018-04-13";"748";"p40cm";"S7";0,739
"2018-04-13";"748";"p60cm";"S7";0,778
"2018-04-13";"748";"p80cm";"S7";0,58
"2018-04-13";"748";"p100cm";"S7";0,402
"2018-04-20";"747";"p20cm";"S7";0,668
"2018-04-20";"747";"p40cm";"S7";0,695
"2018-04-20";"747";"p60cm";"S7";0,727
"2018-04-20";"747";"p80cm";"S7";0,549
"2018-04-20";"747";"p100cm";"S7";0,415
"2018-05-02";"744";"p20cm";"S7";0,691
"2018-05-02";"744";"p40cm";"S7";0,694
"2018-05-02";"744";"p60cm";"S7";0,726
"2018-05-02";"744";"p80cm";"S7";0,575
"2018-05-02";"744";"p100cm";"S7";0,414
"2018-05-09";"747";"p20cm";"S7";0,708
"2018-05-09";"747";"p40cm";"S7";0,71
"2018-05-09";"747";"p60cm";"S7";0,71
"2018-05-09";"747";"p80cm";"S7";0,537
"2018-05-09";"747";"p100cm";"S7";0,395
"2017-12-21";"672";"p20cm";"S8";0,496
"2017-12-21";"672";"p40cm";"S8";1,034
"2017-12-21";"672";"p60cm";"S8";0,935
"2017-12-21";"672";"p80cm";"S8";0,763
"2017-12-27";"724";"p20cm";"S8";0,436
"2017-12-27";"724";"p40cm";"S8";0,983
"2017-12-27";"724";"p60cm";"S8";0,907
"2017-12-27";"724";"p80cm";"S8";0,733
"2018-01-03";"773";"p20cm";"S8";0,468
"2018-01-03";"773";"p40cm";"S8";0,95
"2018-01-03";"773";"p60cm";"S8";0,818
"2018-01-03";"773";"p80cm";"S8";0,657
"2018-01-10";"734";"p20cm";"S8";0,527
"2018-01-10";"734";"p40cm";"S8";0,962
"2018-01-10";"734";"p60cm";"S8";0,853
"2018-01-10";"734";"p80cm";"S8";0,695
"2018-01-17";"748";"p20cm";"S8";0,465
"2018-01-17";"748";"p40cm";"S8";0,96
"2018-01-17";"748";"p60cm";"S8";0,829
"2018-01-17";"748";"p80cm";"S8";0,702
"2018-01-24";"742";"p20cm";"S8";0,381
"2018-01-24";"742";"p40cm";"S8";0,845
"2018-01-24";"742";"p60cm";"S8";0,822
"2018-01-24";"742";"p80cm";"S8";0,697
"2018-01-31";"729";"p20cm";"S8";0,812
"2018-01-31";"729";"p40cm";"S8";0,889
"2018-01-31";"729";"p60cm";"S8";0,682
"2018-01-31";"729";"p80cm";"S8";0,641
"2018-02-07";"736";"p20cm";"S8";0,668
"2018-02-07";"736";"p40cm";"S8";0,818
"2018-02-07";"736";"p60cm";"S8";0,59
"2018-02-07";"736";"p80cm";"S8";0,504
"2018-02-14";"726";"p20cm";"S8";0,775
"2018-02-14";"726";"p40cm";"S8";0,875
"2018-02-14";"726";"p60cm";"S8";0,621
"2018-02-14";"726";"p80cm";"S8";0,569
"2018-02-21";"753";"p20cm";"S8";0,742
"2018-02-21";"753";"p40cm";"S8";0,835
"2018-02-21";"753";"p60cm";"S8";0,568
"2018-02-21";"753";"p80cm";"S8";0,469
"2018-02-27";"730";"p20cm";"S8";0,618
"2018-02-27";"730";"p40cm";"S8";0,797
"2018-02-27";"730";"p60cm";"S8";0,566
"2018-02-27";"730";"p80cm";"S8";0,477
"2018-03-07";"733";"p20cm";"S8";0,682
"2018-03-07";"733";"p40cm";"S8";0,778
"2018-03-07";"733";"p60cm";"S8";0,532
"2018-03-07";"733";"p80cm";"S8";0,454
"2018-03-14";"735";"p20cm";"S8";0,665
"2018-03-14";"735";"p40cm";"S8";0,773
"2018-03-14";"735";"p60cm";"S8";0,576
"2018-03-14";"735";"p80cm";"S8";0,45
"2018-03-21";"725";"p20cm";"S8";0,804
"2018-03-21";"725";"p40cm";"S8";0,833
"2018-03-21";"725";"p60cm";"S8";0,557
"2018-03-21";"725";"p80cm";"S8";0,473
"2018-03-28";"734";"p20cm";"S8";0,752
"2018-03-28";"734";"p40cm";"S8";0,815
"2018-03-28";"734";"p60cm";"S8";0,564
"2018-03-28";"734";"p80cm";"S8";0,463
"2018-04-04";"749";"p20cm";"S8";0,605
"2018-04-04";"749";"p40cm";"S8";0,765
"2018-04-04";"749";"p60cm";"S8";0,523
"2018-04-04";"749";"p80cm";"S8";0,423
"2018-04-13";"748";"p20cm";"S8";0,873
"2018-04-13";"748";"p40cm";"S8";0,94
"2018-04-13";"748";"p60cm";"S8";0,687
"2018-04-13";"748";"p80cm";"S8";0,636
"2018-04-20";"747";"p20cm";"S8";0,87
"2018-04-20";"747";"p40cm";"S8";0,977
"2018-04-20";"747";"p60cm";"S8";0,633
"2018-04-20";"747";"p80cm";"S8";0,558
"2018-05-02";"744";"p20cm";"S8";0,926
"2018-05-02";"744";"p40cm";"S8";0,978
"2018-05-02";"744";"p60cm";"S8";0,661
"2018-05-02";"744";"p80cm";"S8";0,558
"2018-05-09";"747";"p20cm";"S8";0,88
"2018-05-09";"747";"p40cm";"S8";0,964
"2018-05-09";"747";"p60cm";"S8";0,705
"2018-05-09";"747";"p80cm";"S8";0,553
"2017-12-21";"672";"p20cm";"S9";1,013
"2017-12-21";"672";"p40cm";"S9";0,912
"2017-12-21";"672";"p60cm";"S9";0,751
"2017-12-21";"672";"p80cm";"S9";0,685
"2017-12-21";"672";"p100cm";"S9";0,76
"2017-12-27";"724";"p20cm";"S9";0,93
"2017-12-27";"724";"p40cm";"S9";0,865
"2017-12-27";"724";"p60cm";"S9";0,664
"2017-12-27";"724";"p80cm";"S9";0,624
"2017-12-27";"724";"p100cm";"S9";0,709
"2018-01-03";"773";"p20cm";"S9";0,907
"2018-01-03";"773";"p40cm";"S9";0,658
"2018-01-03";"773";"p60cm";"S9";0,592
"2018-01-03";"773";"p80cm";"S9";0,594
"2018-01-03";"773";"p100cm";"S9";0,622
"2018-01-10";"734";"p20cm";"S9";0,884
"2018-01-10";"734";"p40cm";"S9";0,703
"2018-01-10";"734";"p60cm";"S9";0,623
"2018-01-10";"734";"p80cm";"S9";0,597
"2018-01-10";"734";"p100cm";"S9";0,612
"2018-01-17";"748";"p20cm";"S9";0,687
"2018-01-17";"748";"p40cm";"S9";0,709
"2018-01-17";"748";"p60cm";"S9";0,59
"2018-01-17";"748";"p80cm";"S9";0,571
"2018-01-17";"748";"p100cm";"S9";0,576
"2018-01-24";"742";"p20cm";"S9";0,693
"2018-01-24";"742";"p40cm";"S9";0,714
"2018-01-24";"742";"p60cm";"S9";0,594
"2018-01-24";"742";"p80cm";"S9";0,575
"2018-01-24";"742";"p100cm";"S9";0,581
"2018-01-31";"729";"p20cm";"S9";0,532
"2018-01-31";"729";"p40cm";"S9";0,822
"2018-01-31";"729";"p60cm";"S9";0,576
"2018-01-31";"729";"p80cm";"S9";0,535
"2018-01-31";"729";"p100cm";"S9";0,56
"2018-02-07";"736";"p20cm";"S9";0,374
"2018-02-07";"736";"p40cm";"S9";0,743
"2018-02-07";"736";"p60cm";"S9";0,561
"2018-02-07";"736";"p80cm";"S9";0,473
"2018-02-07";"736";"p100cm";"S9";0,519
"2018-02-14";"726";"p20cm";"S9";0,395
"2018-02-14";"726";"p40cm";"S9";0,846
"2018-02-14";"726";"p60cm";"S9";0,621
"2018-02-14";"726";"p80cm";"S9";0,499
"2018-02-14";"726";"p100cm";"S9";0,484
"2018-02-21";"753";"p20cm";"S9";0,482
"2018-02-21";"753";"p40cm";"S9";0,817
"2018-02-21";"753";"p60cm";"S9";0,544
"2018-02-21";"753";"p80cm";"S9";0,441
"2018-02-21";"753";"p100cm";"S9";0,449
"2018-02-27";"730";"p20cm";"S9";0,318
"2018-02-27";"730";"p40cm";"S9";0,766
"2018-02-27";"730";"p60cm";"S9";0,585
"2018-02-27";"730";"p80cm";"S9";0,43
"2018-02-27";"730";"p100cm";"S9";0,441
"2018-03-07";"733";"p20cm";"S9";0,477
"2018-03-07";"733";"p40cm";"S9";0,737
"2018-03-07";"733";"p60cm";"S9";0,543
"2018-03-07";"733";"p80cm";"S9";0,438
"2018-03-07";"733";"p100cm";"S9";0,413
"2018-03-14";"735";"p20cm";"S9";0,426
"2018-03-14";"735";"p40cm";"S9";0,755
"2018-03-14";"735";"p60cm";"S9";0,54
"2018-03-14";"735";"p80cm";"S9";0,444
"2018-03-14";"735";"p100cm";"S9";0,366
"2018-03-21";"725";"p20cm";"S9";0,571
"2018-03-21";"725";"p40cm";"S9";0,761
"2018-03-21";"725";"p60cm";"S9";0,539
"2018-03-21";"725";"p80cm";"S9";0,458
"2018-03-21";"725";"p100cm";"S9";0,444
"2018-03-28";"734";"p20cm";"S9";0,439
"2018-03-28";"734";"p40cm";"S9";0,787
"2018-03-28";"734";"p60cm";"S9";0,53
"2018-03-28";"734";"p80cm";"S9";0,407
"2018-03-28";"734";"p100cm";"S9";0,443
"2018-04-04";"749";"p20cm";"S9";0,36
"2018-04-04";"749";"p40cm";"S9";0,734
"2018-04-04";"749";"p60cm";"S9";0,523
"2018-04-04";"749";"p80cm";"S9";0,443
"2018-04-04";"749";"p100cm";"S9";0,399
"2018-04-13";"748";"p20cm";"S9";0,654
"2018-04-13";"748";"p40cm";"S9";0,944
"2018-04-13";"748";"p60cm";"S9";0,69
"2018-04-13";"748";"p80cm";"S9";0,499
"2018-04-13";"748";"p100cm";"S9";0,525
"2018-04-20";"747";"p20cm";"S9";0,685
"2018-04-20";"747";"p40cm";"S9";0,914
"2018-04-20";"747";"p60cm";"S9";0,701
"2018-04-20";"747";"p80cm";"S9";0,514
"2018-04-20";"747";"p100cm";"S9";0,481
"2018-05-02";"744";"p20cm";"S9";0,672
"2018-05-02";"744";"p40cm";"S9";0,929
"2018-05-02";"744";"p60cm";"S9";0,69
"2018-05-02";"744";"p80cm";"S9";0,539
"2018-05-02";"744";"p100cm";"S9";0,496
"2018-05-09";"747";"p20cm";"S9";0,676
"2018-05-09";"747";"p40cm";"S9";0,914
"2018-05-09";"747";"p60cm";"S9";0,695
"2018-05-09";"747";"p80cm";"S9";0,522
"2018-05-09";"747";"p100cm";"S9";0,448
"2017-12-21";"672";"p20cm";"S10";0,876
"2017-12-21";"672";"p40cm";"S10";1,043
"2017-12-21";"672";"p60cm";"S10";0,963
"2017-12-21";"672";"p80cm";"S10";0,801
"2017-12-21";"672";"p100cm";"S10";0,824
"2017-12-27";"724";"p20cm";"S10";0,797
"2017-12-27";"724";"p40cm";"S10";1,026
"2017-12-27";"724";"p60cm";"S10";0,89
"2017-12-27";"724";"p80cm";"S10";0,72
"2017-12-27";"724";"p100cm";"S10";0,767
"2018-01-03";"773";"p20cm";"S10";0,646
"2018-01-03";"773";"p40cm";"S10";0,937
"2018-01-03";"773";"p60cm";"S10";0,842
"2018-01-03";"773";"p80cm";"S10";0,666
"2018-01-03";"773";"p100cm";"S10";0,69
"2018-01-10";"734";"p20cm";"S10";0,693
"2018-01-10";"734";"p40cm";"S10";0,996
"2018-01-10";"734";"p60cm";"S10";0,865
"2018-01-10";"734";"p80cm";"S10";0,698
"2018-01-10";"734";"p100cm";"S10";0,733
"2018-01-17";"748";"p20cm";"S10";0,674
"2018-01-17";"748";"p40cm";"S10";0,952
"2018-01-17";"748";"p60cm";"S10";0,85
"2018-01-17";"748";"p80cm";"S10";0,707
"2018-01-17";"748";"p100cm";"S10";0,715
"2018-01-24";"742";"p20cm";"S10";0,679
"2018-01-24";"742";"p40cm";"S10";0,96
"2018-01-24";"742";"p60cm";"S10";0,857
"2018-01-24";"742";"p80cm";"S10";0,713
"2018-01-24";"742";"p100cm";"S10";0,721
"2018-01-31";"729";"p20cm";"S10";0,675
"2018-01-31";"729";"p40cm";"S10";0,916
"2018-01-31";"729";"p60cm";"S10";0,827
"2018-01-31";"729";"p80cm";"S10";0,643
"2018-01-31";"729";"p100cm";"S10";0,69
"2018-02-07";"736";"p20cm";"S10";0,557
"2018-02-07";"736";"p40cm";"S10";0,846
"2018-02-07";"736";"p60cm";"S10";0,746
"2018-02-07";"736";"p80cm";"S10";0,61
"2018-02-07";"736";"p100cm";"S10";0,635
"2018-02-14";"726";"p20cm";"S10";0,726
"2018-02-14";"726";"p40cm";"S10";0,895
"2018-02-14";"726";"p60cm";"S10";0,763
"2018-02-14";"726";"p80cm";"S10";0,592
"2018-02-14";"726";"p100cm";"S10";0,634
"2018-02-21";"753";"p20cm";"S10";0,629
"2018-02-21";"753";"p40cm";"S10";0,802
"2018-02-21";"753";"p60cm";"S10";0,683
"2018-02-21";"753";"p80cm";"S10";0,539
"2018-02-21";"753";"p100cm";"S10";0,534
"2018-02-27";"730";"p20cm";"S10";0,542
"2018-02-27";"730";"p40cm";"S10";0,781
"2018-02-27";"730";"p60cm";"S10";0,686
"2018-02-27";"730";"p80cm";"S10";0,537
"2018-02-27";"730";"p100cm";"S10";0,54
"2018-03-07";"733";"p20cm";"S10";0,569
"2018-03-07";"733";"p40cm";"S10";0,76
"2018-03-07";"733";"p60cm";"S10";0,668
"2018-03-07";"733";"p80cm";"S10";0,48
"2018-03-07";"733";"p100cm";"S10";0,498
"2018-03-14";"735";"p20cm";"S10";0,531
"2018-03-14";"735";"p40cm";"S10";0,767
"2018-03-14";"735";"p60cm";"S10";0,667
"2018-03-14";"735";"p80cm";"S10";0,479
"2018-03-14";"735";"p100cm";"S10";0,484
"2018-03-21";"725";"p20cm";"S10";0,69
"2018-03-21";"725";"p40cm";"S10";0,754
"2018-03-21";"725";"p60cm";"S10";0,652
"2018-03-21";"725";"p80cm";"S10";0,466
"2018-03-21";"725";"p100cm";"S10";0,472
"2018-03-28";"734";"p20cm";"S10";0,597
"2018-03-28";"734";"p40cm";"S10";0,778
"2018-03-28";"734";"p60cm";"S10";0,629
"2018-03-28";"734";"p80cm";"S10";0,5
"2018-03-28";"734";"p100cm";"S10";0,492
"2018-04-04";"749";"p20cm";"S10";0,566
"2018-04-04";"749";"p40cm";"S10";0,784
"2018-04-04";"749";"p60cm";"S10";0,625
"2018-04-04";"749";"p80cm";"S10";0,475
"2018-04-04";"749";"p100cm";"S10";0,493
"2018-04-13";"748";"p20cm";"S10";0,841
"2018-04-13";"748";"p40cm";"S10";0,976
"2018-04-13";"748";"p60cm";"S10";0,517
"2018-04-13";"748";"p80cm";"S10";0,495
"2018-04-13";"748";"p100cm";"S10";0,495
"2018-04-20";"747";"p20cm";"S10";0,837
"2018-04-20";"747";"p40cm";"S10";0,971
"2018-04-20";"747";"p60cm";"S10";0,728
"2018-04-20";"747";"p80cm";"S10";0,507
"2018-04-20";"747";"p100cm";"S10";0,498
"2018-05-02";"744";"p20cm";"S10";0,886
"2018-05-02";"744";"p40cm";"S10";0,977
"2018-05-02";"744";"p60cm";"S10";0,843
"2018-05-02";"744";"p80cm";"S10";0,519
"2018-05-02";"744";"p100cm";"S10";0,527
"2018-05-09";"747";"p20cm";"S10";0,862
"2018-05-09";"747";"p40cm";"S10";0,969
"2018-05-09";"747";"p60cm";"S10";0,838
"2018-05-09";"747";"p80cm";"S10";0,518
"2018-05-09";"747";"p100cm";"S10";0,509
"2017-12-21";"672";"p20cm";"S11";0,891
"2017-12-21";"672";"p40cm";"S11";1,061
"2017-12-21";"672";"p60cm";"S11";0,847
"2017-12-21";"672";"p80cm";"S11";0,765
"2017-12-21";"672";"p100cm";"S11";0,746
"2017-12-27";"724";"p20cm";"S11";0,805
"2017-12-27";"724";"p40cm";"S11";1,021
"2017-12-27";"724";"p60cm";"S11";0,849
"2017-12-27";"724";"p80cm";"S11";0,698
"2017-12-27";"724";"p100cm";"S11";0,669
"2018-01-03";"773";"p20cm";"S11";0,642
"2018-01-03";"773";"p40cm";"S11";0,947
"2018-01-03";"773";"p60cm";"S11";0,758
"2018-01-03";"773";"p80cm";"S11";0,661
"2018-01-03";"773";"p100cm";"S11";0,594
"2018-01-10";"734";"p20cm";"S11";0,672
"2018-01-10";"734";"p40cm";"S11";0,94
"2018-01-10";"734";"p60cm";"S11";0,782
"2018-01-10";"734";"p80cm";"S11";0,695
"2018-01-10";"734";"p100cm";"S11";0,609
"2018-01-17";"748";"p20cm";"S11";0,656
"2018-01-17";"748";"p40cm";"S11";0,881
"2018-01-17";"748";"p60cm";"S11";0,741
"2018-01-17";"748";"p80cm";"S11";0,64
"2018-01-17";"748";"p100cm";"S11";0,626
"2018-01-24";"742";"p20cm";"S11";0,662
"2018-01-24";"742";"p40cm";"S11";0,888
"2018-01-24";"742";"p60cm";"S11";0,747
"2018-01-24";"742";"p80cm";"S11";0,646
"2018-01-24";"742";"p100cm";"S11";0,631
"2018-01-31";"729";"p20cm";"S11";0,75
"2018-01-31";"729";"p40cm";"S11";0,859
"2018-01-31";"729";"p60cm";"S11";0,723
"2018-01-31";"729";"p80cm";"S11";0,624
"2018-01-31";"729";"p100cm";"S11";0,617
"2018-02-07";"736";"p20cm";"S11";0,618
"2018-02-07";"736";"p40cm";"S11";0,834
"2018-02-07";"736";"p60cm";"S11";0,643
"2018-02-07";"736";"p80cm";"S11";0,563
"2018-02-07";"736";"p100cm";"S11";0,58
"2018-02-14";"726";"p20cm";"S11";0,723
"2018-02-14";"726";"p40cm";"S11";0,86
"2018-02-14";"726";"p60cm";"S11";0,603
"2018-02-14";"726";"p80cm";"S11";0,576
"2018-02-14";"726";"p100cm";"S11";0,682
"2018-02-21";"753";"p20cm";"S11";0,718
"2018-02-21";"753";"p40cm";"S11";0,826
"2018-02-21";"753";"p60cm";"S11";0,611
"2018-02-21";"753";"p80cm";"S11";0,499
"2018-02-21";"753";"p100cm";"S11";0,489
"2018-02-27";"730";"p20cm";"S11";0,614
"2018-02-27";"730";"p40cm";"S11";0,805
"2018-02-27";"730";"p60cm";"S11";0,581
"2018-02-27";"730";"p80cm";"S11";0,505
"2018-02-27";"730";"p100cm";"S11";0,474
"2018-03-07";"733";"p20cm";"S11";0,696
"2018-03-07";"733";"p40cm";"S11";0,804
"2018-03-07";"733";"p60cm";"S11";0,581
"2018-03-07";"733";"p80cm";"S11";0,471
"2018-03-07";"733";"p100cm";"S11";0,457
"2018-03-14";"735";"p20cm";"S11";0,714
"2018-03-14";"735";"p40cm";"S11";0,785
"2018-03-14";"735";"p60cm";"S11";0,567
"2018-03-14";"735";"p80cm";"S11";0,444
"2018-03-14";"735";"p100cm";"S11";0,438
"2018-03-21";"725";"p20cm";"S11";0,823
"2018-03-21";"725";"p40cm";"S11";0,85
"2018-03-21";"725";"p60cm";"S11";0,622
"2018-03-21";"725";"p80cm";"S11";0,509
"2018-03-21";"725";"p100cm";"S11";0,469
"2018-03-28";"734";"p20cm";"S11";0,702
"2018-03-28";"734";"p40cm";"S11";0,786
"2018-03-28";"734";"p60cm";"S11";0,571
"2018-03-28";"734";"p80cm";"S11";0,471
"2018-03-28";"734";"p100cm";"S11";0,435
"2018-04-04";"749";"p20cm";"S11";0,634
"2018-04-04";"749";"p40cm";"S11";0,805
"2018-04-04";"749";"p60cm";"S11";0,542
"2018-04-04";"749";"p80cm";"S11";0,446
"2018-04-04";"749";"p100cm";"S11";0,399
"2018-04-13";"748";"p20cm";"S11";0,872
"2018-04-13";"748";"p40cm";"S11";0,92
"2018-04-13";"748";"p60cm";"S11";0,913
"2018-04-13";"748";"p80cm";"S11";0,671
"2018-04-13";"748";"p100cm";"S11";0,58
"2018-04-20";"747";"p20cm";"S11";0,904
"2018-04-20";"747";"p40cm";"S11";0,921
"2018-04-20";"747";"p60cm";"S11";0,755
"2018-04-20";"747";"p80cm";"S11";0,636
"2018-04-20";"747";"p100cm";"S11";0,558
"2018-05-02";"744";"p20cm";"S11";0,879
"2018-05-02";"744";"p40cm";"S11";0,946
"2018-05-02";"744";"p60cm";"S11";0,789
"2018-05-02";"744";"p80cm";"S11";0,608
"2018-05-02";"744";"p100cm";"S11";0,53
"2018-05-09";"747";"p20cm";"S11";0,896
"2018-05-09";"747";"p40cm";"S11";0,969
"2018-05-09";"747";"p60cm";"S11";0,779
"2018-05-09";"747";"p80cm";"S11";0,61
"2018-05-09";"747";"p100cm";"S11";0,53
"2017-12-21";"672";"p20cm";"S12";0,807
"2017-12-21";"672";"p40cm";"S12";1,121
"2017-12-21";"672";"p60cm";"S12";0,976
"2017-12-21";"672";"p80cm";"S12";0,86
"2017-12-21";"672";"p100cm";"S12";0,888
"2017-12-27";"724";"p20cm";"S12";0,732
"2017-12-27";"724";"p40cm";"S12";1,05
"2017-12-27";"724";"p60cm";"S12";0,829
"2017-12-27";"724";"p80cm";"S12";0,808
"2017-12-27";"724";"p100cm";"S12";0,8
"2018-01-03";"773";"p20cm";"S12";0,62
"2018-01-03";"773";"p40cm";"S12";1,036
"2018-01-03";"773";"p60cm";"S12";0,849
"2018-01-03";"773";"p80cm";"S12";0,722
"2018-01-03";"773";"p100cm";"S12";0,748
"2018-01-10";"734";"p20cm";"S12";0,658
"2018-01-10";"734";"p40cm";"S12";1,023
"2018-01-10";"734";"p60cm";"S12";0,899
"2018-01-10";"734";"p80cm";"S12";0,801
"2018-01-10";"734";"p100cm";"S12";0,797
"2018-01-17";"748";"p20cm";"S12";0,528
"2018-01-17";"748";"p40cm";"S12";0,912
"2018-01-17";"748";"p60cm";"S12";0,824
"2018-01-17";"748";"p80cm";"S12";0,754
"2018-01-17";"748";"p100cm";"S12";0,725
"2018-01-24";"742";"p20cm";"S12";0,532
"2018-01-24";"742";"p40cm";"S12";0,919
"2018-01-24";"742";"p60cm";"S12";0,83
"2018-01-24";"742";"p80cm";"S12";0,76
"2018-01-24";"742";"p100cm";"S12";0,73
"2018-01-31";"729";"p20cm";"S12";0,649
"2018-01-31";"729";"p40cm";"S12";0,918
"2018-01-31";"729";"p60cm";"S12";0,781
"2018-01-31";"729";"p80cm";"S12";0,694
"2018-01-31";"729";"p100cm";"S12";0,742
"2018-02-07";"736";"p20cm";"S12";0,484
"2018-02-07";"736";"p40cm";"S12";0,868
"2018-02-07";"736";"p60cm";"S12";0,76
"2018-02-07";"736";"p80cm";"S12";0,639
"2018-02-07";"736";"p100cm";"S12";0,624
"2018-02-14";"726";"p20cm";"S12";0,645
"2018-02-14";"726";"p40cm";"S12";0,96
"2018-02-14";"726";"p60cm";"S12";0,755
"2018-02-14";"726";"p80cm";"S12";0,64
"2018-02-14";"726";"p100cm";"S12";0,631
"2018-02-21";"753";"p20cm";"S12";0,632
"2018-02-21";"753";"p40cm";"S12";0,871
"2018-02-21";"753";"p60cm";"S12";0,693
"2018-02-21";"753";"p80cm";"S12";0,558
"2018-02-21";"753";"p100cm";"S12";0,551
"2018-02-27";"730";"p20cm";"S12";0,485
"2018-02-27";"730";"p40cm";"S12";0,882
"2018-02-27";"730";"p60cm";"S12";0,707
"2018-02-27";"730";"p80cm";"S12";0,584
"2018-02-27";"730";"p100cm";"S12";0,563
"2018-03-07";"733";"p20cm";"S12";0,692
"2018-03-07";"733";"p40cm";"S12";0,864
"2018-03-07";"733";"p60cm";"S12";0,644
"2018-03-07";"733";"p80cm";"S12";0,542
"2018-03-07";"733";"p100cm";"S12";0,547
"2018-03-14";"735";"p20cm";"S12";0,604
"2018-03-14";"735";"p40cm";"S12";0,868
"2018-03-14";"735";"p60cm";"S12";0,69
"2018-03-14";"735";"p80cm";"S12";0,55
"2018-03-14";"735";"p100cm";"S12";0,527
"2018-03-21";"725";"p20cm";"S12";0,753
"2018-03-21";"725";"p40cm";"S12";0,926
"2018-03-21";"725";"p60cm";"S12";0,72
"2018-03-21";"725";"p80cm";"S12";0,567
"2018-03-21";"725";"p100cm";"S12";0,543
"2018-03-28";"734";"p20cm";"S12";0,625
"2018-03-28";"734";"p40cm";"S12";0,917
"2018-03-28";"734";"p60cm";"S12";0,698
"2018-03-28";"734";"p80cm";"S12";0,58
"2018-03-28";"734";"p100cm";"S12";0,55
"2018-04-04";"749";"p20cm";"S12";0,538
"2018-04-04";"749";"p40cm";"S12";0,891
"2018-04-04";"749";"p60cm";"S12";0,669
"2018-04-04";"749";"p80cm";"S12";0,53
"2018-04-04";"749";"p100cm";"S12";0,53
"2018-04-13";"748";"p20cm";"S12";0,818
"2018-04-13";"748";"p40cm";"S12";0,984
"2018-04-13";"748";"p60cm";"S12";0,853
"2018-04-13";"748";"p80cm";"S12";0,737
"2018-04-13";"748";"p100cm";"S12";0,648
"2018-04-20";"747";"p20cm";"S12";0,798
"2018-04-20";"747";"p40cm";"S12";1,001
"2018-04-20";"747";"p60cm";"S12";0,886
"2018-04-20";"747";"p80cm";"S12";0,689
"2018-04-20";"747";"p100cm";"S12";0,652
"2018-05-02";"744";"p20cm";"S12";0,841
"2018-05-02";"744";"p40cm";"S12";1,052
"2018-05-02";"744";"p60cm";"S12";0,868
"2018-05-02";"744";"p80cm";"S12";0,743
"2018-05-02";"744";"p100cm";"S12";0,668
"2018-05-09";"747";"p20cm";"S12";0,85
"2018-05-09";"747";"p40cm";"S12";1,035
"2018-05-09";"747";"p60cm";"S12";0,866
"2018-05-09";"747";"p80cm";"S12";0,72
"2018-05-09";"747";"p100cm";"S12";0,665
